id	Prediction	score	sequence	prediction_num
DBAASP_4033	AMP	0.9999	SAVGKLASKVFPAVFSMVTK	1
DBAASP_13063	AMP	1.0	GWGCNIFGGNDYRCHRHCKSIKGYKGGYCKLGGICKCY	1
DBAASP_13490	AMP	0.9556	AVGIGALFLGFLGAAGSTMGARS	1
DBAASP_1432	AMP	0.9989	KRFHSVGSLIQRHQQMIRDKSEATRHGIRIITRPKLLLAS	1
DBAASP_7852	AMP	0.8617	ISKRILTGKK	1
DBAASP_14649	AMP	0.8071	IDWKKLLDPAKQIL	1
DBAASP_10705	AMP	1.0	FLGGLIKRPPAMICAVRKKC	1
DBAASP_9406	AMP	0.9998	IFGAIWPLALGALKNLIK	1
DBAASP_4382	AMP	1.0	GILDTFKGVAKGVAKDLAVHMLEKLKCKMTGC	1
DBAASP_4030	AMP	1.0	PAVFKIASKVVPSVYCKVSR	1
DBAASP_4047	AMP	1.0	PVVGRVASKVFPAVIGLVKK	1
DBAASP_4064	non-AMP	0.0643	VIAFAKTKEAKAKLKGQAKG	0
DBAASP_16484	AMP	1.0	GIKKWLHSPKKFGKKFPKKIMNS	1
DBAASP_14316	AMP	1.0	FLSLIPHVISAIPHVVNALSNL	1
DBAASP_20619	non-AMP	0.0144	RWKRHISEQLRRRDRLQR	0
DBAASP_3973	AMP	1.0	FLGVVFKLASKVVPAVFGKV	1
DBAASP_9717	AMP	0.9976	FPVTWPTKWRKG	1
DBAASP_4044	AMP	0.7433	VVAKKFFVLVKGLAPVLSPS	1
DBAASP_9342	AMP	0.9973	RRPRPRPRPFFFF	1
DBAASP_4579	non-AMP	0.1952	QLKVDLWGTRSGI	0
DBAASP_5177	AMP	0.9977	GILDTIKSIASKVWNSKTVQDLKRKGINWVANKLGVSPQAA	1
DBAASP_10702	AMP	1.0	FLGGLIKPVPAMICAVRKKC	1
DBAASP_11050	non-AMP	0.3143	RNSVRNRVMLWRTKR	0
DBAASP_14024	AMP	0.9973	IHHIHHHIHHIHHHIHHIHHHIHHIHHH	1
DBAASP_1071	AMP	0.9992	GLLRKGGEKIGEKLKKIGQKIKNFFQKLVPQPEQ	1
DBAASP_10851	AMP	0.9997	FLSLIPAAISAVSALANHF	1
DBAASP_7234	non-AMP	0.3202	NSQIRPLPDKGLDLSIRDASIKIRGKWKARKNFIK	0
DBAASP_7102	AMP	0.9971	ILGTILPLLKGL	1
DBAASP_4358	AMP	0.9999	GVVDILKGAAKDIAGHLASKVMNKL	1
DBAASP_15902	AMP	0.9996	KRFWPLVPVAINTVAAGIN	1
DBAASP_8628	AMP	0.9357	GMLKRIKTLL	1
DBAASP_12627	AMP	0.9998	FLSLIPKAISAISALANHF	1
DBAASP_18758	AMP	0.9995	GSKKPVPIIYCNAATGKCQRM	1
DBAASP_7150	AMP	0.9999	LLPIVGNLLKSLLGAKRKRAG	1
DBAASP_17778	non-AMP	0.0623	FKDLGEENFK	0
DBAASP_20566	AMP	0.9999	RRRRWWWWWWW	1
DBAASP_13724	AMP	0.9947	CLIMKVRRKK	1
DBAASP_567	non-AMP	0.3553	QAFQTFKPDWNKIRYDAMKMQTSLGQMKKRFNL	0
DBAASP_9720	AMP	0.932	FPVTWPTKWWEG	1
DBAASP_19024	non-AMP	0.0815	FLAGKLIQEAIAKLK	0
DBAASP_12512	AMP	0.9999	KVFKSVVKLLEKTVLKKFSK	1
DBAASP_15877	non-AMP	0.0045	MKKALQYIKLLKE	0
DBAASP_2225	AMP	0.9867	GFKEVLKADLGSLVKGIAAHVAN	1
DBAASP_13059	AMP	1.0	GFGCNGPWDEDDMKCHNHCKSIKGYKGGYCASAGFVCKCY	1
DBAASP_12188	non-AMP	0.0444	VQWLEQQVAKRRTKR	0
DBAASP_19154	non-AMP	0.1078	DRDRPECSTMVKYEQKLPSLGKYALKRAIKIKFGRK	0
DBAASP_5024	AMP	0.9989	HFLGTLVNLKKKIL	1
DBAASP_10129	AMP	0.9998	KIAGKIAKIAGKIA	1
DBAASP_12911	AMP	1.0	AVKKLLRWWSRWWKK	1
DBAASP_732	AMP	0.8105	AKRHHGYKRKFH	1
DBAASP_3952	AMP	1.0	FLGVVFKKASKVFPAVFGKV	1
DBAASP_20328	non-AMP	0.1185	TALKSLSILKKLAKLNM	0
DBAASP_9326	AMP	0.9872	GRRPRPRPRP	1
DBAASP_4024	AMP	0.9971	LYSPTCVKAAVSRFIGKVSA	1
DBAASP_9725	AMP	0.998	FPLTCPTKWWKG	1
DBAASP_13647	AMP	1.0	FLFSLIPHAISGLISAFK	1
DBAASP_8802	AMP	0.99	KIWFQNKKMKWKK	1
DBAASP_16480	AMP	1.0	GIKKWLHSPKKPGKKFVKKIMNS	1
DBAASP_3974	AMP	1.0	FLGVVFKLASKVFPAVVGKV	1
DBAASP_9341	AMP	0.9940000000000001	RRPRPRPRPFFF	1
DBAASP_20016	AMP	0.9999	LGLFLLLLRLILKGFKL	1
DBAASP_4249	AMP	0.9896	IKKVASVIGGL	1
DBAASP_4217	AMP	1.0	FLPIIAGAAAKVVEKIFCAISKKC	1
DBAASP_4070	AMP	0.7809	SVKVAKSVIPSAVFAGGKVF	1
DBAASP_12429	AMP	0.9794	WKLLSKAQEKFGKNKSR	1
DBAASP_4036	non-AMP	0.0179	ALVYAGIKKTAFLKVQKCDG	0
DBAASP_1876	AMP	1.0	SLLDTFKNLAVNAAKSAGVSVLNALSCKISRTC	1
DBAASP_6169	AMP	1.0	FLPVIASVAAKVLPKVFCFITKKC	1
DBAASP_564	AMP	0.9986	GKPRPYSPRPTSHPRPIRV	1
DBAASP_17770	AMP	0.5044	HQIYPVTQPL	1
DBAASP_20099	AMP	0.9999	FLGALIPAITGLIGGLINR	1
DBAASP_16465	AMP	0.9997	FLPKILKVAAK	1
DBAASP_10115	AMP	0.9995	KKAGKIAKKAGKIA	1
DBAASP_4255	AMP	0.9966	GLFDVIKKVAS	1
DBAASP_18182	AMP	0.9644	KKLAKEILKAL	1
DBAASP_16389	AMP	0.9999	GLLDLLKGAGKGLLTHLASQI	1
DBAASP_14102	AMP	0.9990000000000001	FLPLILFWIVTAL	1
DBAASP_4004	non-AMP	0.2146	ASPTVFRSSVFLSLFVVAKK	0
DBAASP_17817	AMP	0.9721	GKKPGWWKAK	1
DBAASP_4018	AMP	0.9888	GVSSPIVAVKFKGAVASLIK	1
DBAASP_290	AMP	0.7776	LIKHILHRLGGGFHFHLHF	1
DBAASP_13831	AMP	0.9998	ALRGCWTKSIPPKPCP	1
DBAASP_17773	non-AMP	0.0789	YANPAVVRPHAQIPQR	0
DBAASP_19138	non-AMP	0.0008	MLNILLYSNICVLYIRESNYGGI	0
DBAASP_20938	AMP	0.9985	GVLEILKSAAKDLAGHVATKVIKKI	1
DBAASP_4051	AMP	0.9999	SALGRLASKVVPAVIGKVTT	1
DBAASP_13205	AMP	0.9995	RRWGRWHRMRRRGR	1
DBAASP_4042	AMP	0.5664	AKKAQKSGAQTIVKIFAKGM	1
DBAASP_14654	AMP	0.9996	FKCRRWQRNMRKVRGPPVSCIKRDS	1
DBAASP_6170	AMP	1.0	FLPLIAGVAASILPKIFCFITKKC	1
DBAASP_12430	AMP	0.9987	WKLLSKAQEKFGKNKSRC	1
DBAASP_6914	AMP	1.0	LQKYYCRVRGGRCAVLSCLPKEEQIGKCSTRGRKCCRRKK	1
DBAASP_8151	AMP	0.9998	FLFSLIPSVIAGLVSAIRN	1
DBAASP_4038	AMP	0.7183	SVKPVGSSVVKGTALVKFFG	1
DBAASP_20330	AMP	0.97	AVLSFVHKLFLNFLHVDTSKGKCRATLQ	1
DBAASP_11053	AMP	0.9099	KKAKRRLLKK	1
DBAASP_5251	AMP	0.998	PRPLPFPRPGPRPI	1
DBAASP_5058	AMP	0.9066	KILGVSKRILTGKK	1
DBAASP_3976	AMP	1.0	FLGKVFKGVSKVFPAVFGKV	1
DBAASP_4561	AMP	0.6011	GKSDVRRWRSRY	1
DBAASP_6420	non-AMP	0.001	LDDLPGALSELSDLHAHKLRVDPVNFKLLSHSL	0
DBAASP_20937	AMP	0.9999	GVLEILKGAAKDLAGHVATKVIKKI	1
DBAASP_3984	AMP	1.0	FLGKVFKKASKVFPAVVGKV	1
DBAASP_17656	AMP	0.993	GLLKRLKTLA	1
DBAASP_12630	AMP	1.0	FLSLIPKIISAISALIKHF	1
DBAASP_15005	non-AMP	0.1663	DLASLARLYALAR	0
DBAASP_3967	AMP	1.0	FLGVVFKSASKVFPAVFGKV	1
DBAASP_10884	AMP	0.9995	RSITRPVLVRRRWRVRPVF	1
DBAASP_4063	AMP	0.9069	SKFPLAGIFSVPGVKRVVVI	1
DBAASP_9800	AMP	1.0	FLSLIPKAIKAVGVKAKKF	1
DBAASP_4014	AMP	0.9862	MVVFSVPKFKSTVAKLLSSA	1
DBAASP_12626	AMP	0.9999	FLSLIPKAISAVSALANHF	1
DBAASP_4010	non-AMP	0.001	PYSLKNGENWLLSEEIIRYP	0
DBAASP_18165	AMP	0.9982	FLQGIIDTVGKWL	1
DBAASP_10718	AMP	0.9999	WPRFPKPRKPTYPGPTYPGPTWPRPTWRRSATIDTEH	1
DBAASP_19356	AMP	0.9998	FWGAAAKMLGKALPGLISMFQKN	1
DBAASP_14975	AMP	0.7753	IRIRPIRIRP	1
DBAASP_10130	AMP	1.0	KIAGKIAKIAGKIAK	1
DBAASP_3968	AMP	1.0	FLGGVFKGASKVFPAVFGKV	1
DBAASP_16981	AMP	1.0	FPVTWRWWKWWKGKFPVTWRWWKWWKG	1
DBAASP_20356	AMP	0.9989	GWGLINIKIPPVLHKVSVPLVSKR	1
DBAASP_701	AMP	0.9919	GIWDTIKSMGKVFAGLILQNL	1
DBAASP_18063	AMP	0.9859	PRYPRWPRHPT	1
DBAASP_19357	AMP	0.9999	FVKELWDKVKKMGSAAWSAAKGAFA	1
DBAASP_11361	non-AMP	0.0002	ASEELLLRFQATSSGPILREEFE	0
DBAASP_10741	AMP	0.9490000000000001	GLFDIVKKVV	1
DBAASP_13423	non-AMP	0.0003	IRKYLEEDNLGEKLAAVVSIYVKRLNKRLDMR	0
DBAASP_13061	AMP	1.0	GFGCNGPWDEDDMKCHNHCKTIKGYKGGYCASAGFVCKCY	1
DBAASP_5050	AMP	0.988	KKIMRTFLRR	1
DBAASP_14655	AMP	0.9999	FKCRRWQWNMRKVRGPPVSCIKRDS	1
DBAASP_6921	AMP	0.8973	AVLSALPKEEQIGKASTRGRKAARRKK	1
DBAASP_8620	AMP	0.9972	GVVKRIKTVV	1
DBAASP_8163	AMP	0.932	KTRNWFSEHFKKVKEKLKDTFA	1
DBAASP_20812	AMP	1.0	FLPFLGKLLSGIF	1
DBAASP_1478	AMP	1.0	GLFDVVKGVLKGVGKNVAGSLLEQLKCKLSGGC	1
DBAASP_19832	non-AMP	0.0632	LFVNVLDKIR	0
DBAASP_1459	AMP	0.9999	GLLDAIKDTAQNLFANVLDKIKCKFTKC	1
DBAASP_3970	AMP	1.0	FLGVVVKLASKVFPAVFGKV	1
DBAASP_6419	AMP	0.7881	VLSAADKGNVKAAWGKVGGHAAEYGAEALERMF	1
DBAASP_9721	AMP	0.996	FPVTWPTKWLKG	1
DBAASP_4053	AMP	1.0	LGVVGSLASKVVPAVISKVK	1
DBAASP_15624	AMP	1.0	AACSLGSLLNVGCNSCACAAHCLATRGKNGACNSQRRCVCNK	1
DBAASP_14002	AMP	0.9996	LRRLRRRWLRRLRRR	1
DBAASP_15625	AMP	1.0	ATCDLLSFLNVKDAACAAHCLAKGYRGGYCDGRKVCNCRK	1
DBAASP_3996	AMP	0.6503	RKVAPALIKSFVFLFKFKKG	1
DBAASP_8510	AMP	0.9991	RRIRPRPPRLPRPC	1
DBAASP_8022	AMP	0.9997	AGYLLPKINLKPLAKLPKKIL	1
DBAASP_8621	AMP	0.787	GMMKRIKTMM	1
DBAASP_4581	AMP	0.5395	KSDVRRWRSRY	1
DBAASP_10122	AMP	0.9999	KIAKKIAKIAKKIA	1
DBAASP_8294	AMP	0.9985	GVFDIIKGAGKQLIAHAMGKIAEKVGLNKDGN	1
DBAASP_13805	AMP	0.9705	KGARQAWKDYKYNRNMQKMNQGYGQQGG	1
DBAASP_474	AMP	0.9988	KKAAAKAAAAAKAAWAAKAAAKKKK	1
DBAASP_7768	AMP	1.0	RFRRLRKKWRKRLKKI	1
DBAASP_5426	AMP	0.6257	LRPAILVRTK	1
DBAASP_5246	AMP	0.9998	PRPPRLPRPRPRPLPFPRP	1
DBAASP_14997	AMP	1.0	IAKIAGKIAKIAGKIAK	1
DBAASP_9848	AMP	0.9996	KKCGFFCKLKNKLKSTGSRSNIAAGTHGGTFRV	1
DBAASP_8803	AMP	0.6931	FQNRRMKWKK	1
DBAASP_5119	AMP	1.0	GFGCPFNENECHAHCLSIGRKFGFCAGPLRATCTCGKQ	1
DBAASP_10051	AMP	0.9987	GLFDIWAWWRWRR	1
DBAASP_4029	non-AMP	0.2512	KSPFVLVVSSRVAAVIKSLP	0
DBAASP_17652	AMP	0.8883	GAAKRAKTAA	1
DBAASP_18068	AMP	0.9961	YPRYPRYPRYPRYPRYPRYPR	1
DBAASP_17775	non-AMP	0.0799	EKFGKDKSPKFQ	0
DBAASP_16144	non-AMP	0.0013	KLDLKLDLKLDL	0
DBAASP_4395	AMP	1.0	GLMDTVKNAAKNLAGQMLDKLKCKITGSC	1
DBAASP_3768	AMP	0.9992	GWASKIGTQLGKMAKVGLKEFVQS	1
DBAASP_4015	AMP	1.0	VVFRVASKVFPAVYCTVSKK	1
DBAASP_21460	AMP	1.0	QWWGGRGGGRWRGGWRGGWRGRGRGWW	1
DBAASP_3991	AMP	1.0	FLGVVFKLASKVFGAVFKKV	1
DBAASP_4057	AMP	0.9986	VVGRVASKVVPSLIGLFTTK	1
DBAASP_16779	AMP	0.9847	LNLKALLAVAKK	1
DBAASP_16920	AMP	0.8842	EKKRLLKWWR	1
DBAASP_11527	AMP	0.9987	FSGGDCRGLRRRCFCTR	1
DBAASP_1648	AMP	1.0	VCSCRLVFCRRTELRVGNCLIGGVSFTYCCTRV	1
DBAASP_16927	AMP	0.8575	KKKKLLLLRR	1
DBAASP_13723	AMP	0.9783	GFIVKRFKILV	1
DBAASP_15875	non-AMP	0.0064	KKMKKALQYIKLLKE	0
DBAASP_8166	AMP	0.9995	PPPVIKFNRPFLMWIVERDTRSILFMGKIVNPKAP	1
DBAASP_2024	AMP	0.9356	KISKRILTGKK	1
DBAASP_8095	AMP	0.9946	ILPILAPLIGGLL	1
DBAASP_20389	AMP	0.9999	GLISGILGAGKKVLC	1
DBAASP_20288	AMP	0.9997	MKKLLLILFCLALALAGCKKAP	1
DBAASP_20377	non-AMP	0.025	TPLSDIFRGQLRSRVSR	0
DBAASP_4016	AMP	0.9062	TAKVVVFVSFSYVVPKKRAC	1
DBAASP_20380	AMP	0.9986	GSSSRSCRCIRLSRLSSKRT	1
DBAASP_14315	non-AMP	0.1395	SLRSSIKDMAAAAGRAALNAVNGIVNP	0
DBAASP_13836	AMP	0.9999	RKKRRQRRRCWTKSIPPKPC	1
DBAASP_7463	AMP	0.9984	IKPAGKLFKLFK	1
DBAASP_17815	AMP	0.9822	GKKWGGWKAK	1
DBAASP_6913	AMP	0.9996	LQKYYCRVRGGRCAVLS	1
DBAASP_4069	AMP	1.0	GAVFGVASKVVPSVFSAIKK	1
DBAASP_3777	AMP	0.9691	GWASKIGQTLGKMAKVGLQELIQPK	1
DBAASP_16924	AMP	0.9749	KWWRLLHKKQ	1
DBAASP_15004	non-AMP	0.0028	YYQVSEERRRDLASLARLYALAR	0
DBAASP_12192	non-AMP	0.0261	TKRSLSPHRPRHSRLQREPQVQWLEQQVAKRRTKR	0
DBAASP_13064	AMP	1.0	GWGCTIFGGNDSRCHRHCKSIRGYRGGYCKLGGICKCY	1
DBAASP_4470	AMP	0.9975	AWLDKLKSLGKVVG	1
DBAASP_17777	non-AMP	0.0435	MTSALPIIQK	0
DBAASP_20369	AMP	0.5274	KHHHIKLRHGRHRRSVLRTLV	1
DBAASP_20811	AMP	1.0	FLPFLGKLLSGIF	1
DBAASP_5025	AMP	0.9999	HFLGTLVNLAKKKL	1
DBAASP_20322	AMP	0.6654	AGYSRMIRRPPGFSPFRVAPASSLKR	1
DBAASP_17395	AMP	0.884	LNWGAIKKHIIK	1
DBAASP_14028	AMP	0.9986	IHHIHHIIHHIHHIIHHIHHIIHHIHHI	1
DBAASP_6430	non-AMP	0.0064	ASHLPSDFTPAVHASLDKFLANVSTVLTSKYR	0
DBAASP_4218	AMP	1.0	GLMDTIKGVAKTVAASWLDKLKCKITGC	1
DBAASP_19842	AMP	0.9957	ELPIVAKLLSGLL	1
DBAASP_17330	AMP	0.7011	GLHKVMREVLGY	1
DBAASP_18113	AMP	0.998	RSVIFGCTKSIPPICFVGTR	1
DBAASP_4393	AMP	0.9990000000000001	ILGAILPLVSGLLSNKL	1
DBAASP_4248	AMP	0.9958	DVIKKVASVIGGL	1
DBAASP_14268	AMP	0.9859	VRRFPAAWPFLRR	1
DBAASP_9904	AMP	0.8603	WMQKVIDRFGG	1
DBAASP_17013	AMP	0.9999	KLLKLLKKPLKLLK	1
DBAASP_20102	AMP	1.0	FLGALIPAAIGLISGLIKK	1
DBAASP_3764	AMP	0.7748	GKFLHSAGKFGKAFLGEVMIG	1
DBAASP_17331	AMP	0.8102	YERNSYKKFFLR	1
DBAASP_2505	non-AMP	0.107	IPHAVKAISDLI	0
DBAASP_3978	AMP	1.0	FLGKVFKGASKVVPAVFGKV	1
DBAASP_20333	non-AMP	0.198	ITEPVGTKAPTFTSELRGGWLKKR	0
DBAASP_20441	AMP	0.9991	GLLSGILGAGKK	1
DBAASP_1202	non-AMP	0.2202	RLARIVPIRVAR	0
DBAASP_12925	AMP	0.9891	AAKAAAKAAAKAA	1
DBAASP_2202	AMP	0.9999	FLPLVTGLLSGLL	1
DBAASP_14272	AMP	1.0	GLKRIFKSGLGKLVKGISAHVAS	1
DBAASP_3963	AMP	1.0	FLGVVFKKASKVFPAVFKKV	1
DBAASP_18152	AMP	0.9999	FLPLIAGLFGKIF	1
DBAASP_20565	AMP	0.9997	RRRRWWWWWW	1
DBAASP_1895	AMP	1.0	GFMDTAKNVAKNVAATLLDKLKCKITGGC	1
DBAASP_4048	AMP	0.9481	VKRAGKGVAVVPSPLFKIVV	1
DBAASP_4031	AMP	0.9988	KVYVVKIAVPCFPKSARSVS	1
DBAASP_19854	AMP	0.9859	FLPIVAKLLSGLE	1
DBAASP_5287	AMP	0.9997	FLPIVGRLISGLL	1
DBAASP_7143	AMP	0.9998	RFRRLRKKTRKRLKKI	1
DBAASP_2288	AMP	0.9984	GLASTIGSLLGKFAKGGAQAFLQPK	1
DBAASP_10913	non-AMP	0.0002	QIAALEQEIAALEQEIAALQ	0
DBAASP_17769	AMP	0.8289	LLNPTHQIYPVTQPLAPVHNPIS	1
DBAASP_14656	AMP	0.9999	FKCRRWQWRMRKVRGPPVSCIKRDS	1
DBAASP_10292	AMP	0.9988	LLGMIPVAIKAISALSKL	1
DBAASP_8159	AMP	0.9998	AFFARLLASVRAAVKAFAKKPRLIGLSTLL	1
DBAASP_4261	AMP	0.9338	GLFDVVIGGL	1
DBAASP_4265	AMP	0.9951	GLFAVIKKVASV	1
DBAASP_15886	non-AMP	0.2187	KKMKKALQYIKL	0
DBAASP_19515	AMP	0.9955	ASVVNKLTGGVAGLLK	1
DBAASP_4251	AMP	0.9997	GLFDVIKKVASVIGG	1
DBAASP_16462	AMP	1.0	FLPGILKVAANVVPGVICAITKKC	1
DBAASP_15007	non-AMP	0.0366	VSFNRAVIHSLLG	0
DBAASP_17929	non-AMP	0.0289	GILDIKNKVSNLFKKIKGEK	0
DBAASP_15000	AMP	0.9562	FIIWPLRYRK	1
DBAASP_4297	AMP	0.9995	FLSLIPSLVGGSISAFK	1
DBAASP_13415	non-AMP	0.0177	AMAYLAKDNLGEKITEVITILLNRLTDRLEKYAG	0
DBAASP_8162	AMP	0.9938	FSTKTRNWFSEHFKKVKEKLKDTFA	1
DBAASP_21030	AMP	1.0	MLRKVGVIGHWKIWWSGGWKRWRWR	1
DBAASP_20366	AMP	0.828	RKIIAVSVHKLCRVKR	1
DBAASP_4067	AMP	1.0	LPVVFKIASKVVPSVISKIT	1
DBAASP_20396	AMP	0.9999	GAPKGCWTKSYPPKPCSGKR	1
DBAASP_7024	AMP	0.9997	SPGRPRPFPGRPKPIFRPR	1
DBAASP_9546	AMP	0.9996	FLSMIPHIAGGIASLVKNL	1
DBAASP_4028	AMP	0.9988	PVVFSVASKVVPSLISALKR	1
DBAASP_4364	AMP	1.0	ILGKLLSTAAGLLSKL	1
DBAASP_20570	AMP	1.0	RRRRRWWWWWWW	1
DBAASP_2227	AMP	0.9983	GFKEVLKAGLGSLVKGIPAHVAN	1
DBAASP_7235	non-AMP	0.4275	VRIHISGSSLGWLIQLFRKRIESLLQKS	0
DBAASP_3105	AMP	0.9994	FLPLVTMLLGKLF	1
DBAASP_919	AMP	1.0	GIINTLQKYYCRVRGGRCAVLSCLPKEEQIGKCSTRGRKCCRRKK	1
DBAASP_10887	AMP	0.9985	GTAWRWHYRARS	1
DBAASP_19590	non-AMP	0.203	FVDLKKIANII	0
DBAASP_9337	AMP	0.998	GRRPRPRPRPFFFF	1
DBAASP_7814	non-AMP	0.4593	RFRRLRDKTRDRLKKI	0
DBAASP_17012	AMP	1.0	KLLKLPKKLLKLLK	1
DBAASP_14027	AMP	0.9783	IHHIHHIIHHIHHIIHHIHHI	1
DBAASP_18046	AMP	1.0	LLPIVGNLLKSLLGWKAKRFG	1
DBAASP_19021	non-AMP	0.004	FLALAGKQEAIAKLK	0
DBAASP_19646	AMP	0.9935	INWLHLGHMVIDAL	1
DBAASP_20100	AMP	0.8294	FLGALIPAITG	1
DBAASP_20355	non-AMP	0.0117	GAHKEVFKRDTALTKEAAKKAKK	0
DBAASP_13833	AMP	0.9999	ALRGCWTKSIPPKPCK	1
DBAASP_13637	non-AMP	0.4767	EDWNHLGAAVHTLKHVYK	0
DBAASP_6008	AMP	1.0	GLLNVIKDTAQNLFAAALDKLKCKVTKCN	1
DBAASP_10294	AMP	0.9832	LLGMIKVAITAISALSKL	1
DBAASP_14176	non-AMP	0.3854	AVAVVGQAATVVK	0
DBAASP_9799	AMP	0.9999	FLSLIPHAIKAVGVHAKHF	1
DBAASP_20105	AMP	0.9035	FLGALIPAIAG	1
DBAASP_9541	AMP	0.9999	FFSMIPKIATGIASLVKNL	1
DBAASP_18158	AMP	0.9935	INLKAVAALAKKLL	1
DBAASP_5370	AMP	0.9999	GLVGTLLGHIGKAILS	1
DBAASP_20442	AMP	1.0	GILSGLLGAGKKIVCGLSGMC	1
DBAASP_13717	AMP	0.9916	WKIFKLKLRMLW	1
DBAASP_11187	AMP	0.9991	RPRFPPPFPIPRIPRIP	1
DBAASP_2443	AMP	0.9785	GLFKGKKKNKKTK	1
DBAASP_20104	AMP	1.0	FLGALIPAIAGAIGGLIRK	1
DBAASP_10067	AMP	1.0	RLNTTFRPLNFKMLRFWGQNRNIMKHRGQKVHFSLILSDCKTNKDCPKLRRANVRCRKSYCVPI	1
DBAASP_4013	AMP	0.9917	ALFSLASKVVPSVFSMVTKK	1
DBAASP_18056	AMP	0.9999	PRLPRIPRLPRYPRYPRWPRHPTIYA	1
DBAASP_20620	non-AMP	0.0006	RWKRHISEQLRRRDRLQRQAF	0
DBAASP_4026	AMP	1.0	ALGKLASKVFPAVYCTISRK	1
DBAASP_4017	AMP	1.0	LSAVGKIASKVVPSVIGAFK	1
DBAASP_4046	AMP	0.9976	IASAVPVCVKGKISKSYISV	1
DBAASP_19135	non-AMP	0.0012	MIRTFSSSINVRPRFCILGMISIPSEQLYPTIKTEE	0
DBAASP_2429	AMP	0.9996	FLPLIGKILGTIL	1
DBAASP_9317	AMP	0.9963	GFRKFHKFWA	1
DBAASP_3979	AMP	1.0	FLGVVFKGASKVFPAVVGKV	1
DBAASP_9545	AMP	0.9996	FFSMIPHIATGIASLVKNL	1
DBAASP_18062	AMP	0.9985	RLPRYPRYPRWPRHPT	1
DBAASP_18112	AMP	0.9969	RSFIFGCTKSIPPICFVGFK	1
DBAASP_16391	AMP	0.9994	GAVVDILKGAGKNLLSLALNKLSEKV	1
DBAASP_4068	non-AMP	0.0385	KIVKVITVKSISPASLVPVF	0
DBAASP_12674	AMP	0.9458	QLGKKKHRRRPSKKKRHW	1
DBAASP_10738	AMP	0.9991	GLFDIVKKVVGAAGSL	1
DBAASP_10123	AMP	1.0	KIAGKIAKIAKKIAK	1
DBAASP_9905	AMP	0.9858	KKWMQKVIDRFGG	1
DBAASP_2226	AMP	0.9998	ILGAIIPLVSGLLSHL	1
DBAASP_18330	AMP	0.9998	GIKRGIIKRIKRIKRK	1
DBAASP_7661	AMP	0.9969	SAVLRHLRRFLLRKHRKH	1
DBAASP_10291	AMP	0.9878	LLGMIPVAITAISALSKL	1
DBAASP_20953	AMP	0.9996	IGKLFKRIHLRIKRFLRELVRQLR	1
DBAASP_3980	AMP	1.0	FLGKVVKKASKVFPAVFGKV	1
DBAASP_19850	AMP	0.9766	FLPIVAKLESGLL	1
DBAASP_473	AMP	0.953	KKAAAHAAAAAHAAWAAHAAAKKKK	1
DBAASP_9716	AMP	0.9987	FPVTWPTKWWKS	1
DBAASP_1129	AMP	0.9998	FLPIIGKLLSGLL	1
DBAASP_8800	AMP	0.9553	KIWFQNRRMKWKK	1
DBAASP_17653	AMP	0.9049	GAAKRAKTAL	1
DBAASP_13642	AMP	0.8675	EILSKALSALSPLAN	1
DBAASP_15994	AMP	0.983	FIQHLIPLIPHAIQGIKDIF	1
DBAASP_10642	AMP	0.9989	GRFRRLRKKTRK	1
DBAASP_4072	AMP	1.0	KVGKGSYPCSFVKVVAKVSV	1
DBAASP_20332	non-AMP	0.2982	KYHHIKLRHGRHRRTIH	0
DBAASP_15623	AMP	0.6206	QFNMQGGGSPRQGFDVNANARFPIWQSQNARNSVHGTASYAQHLGGPYGNSRPNFGGGLQFT	1
DBAASP_11262	AMP	0.9979	FFYNVIKIYGNMAGRISK	1
DBAASP_18110	AMP	0.9783	SVIFGCTKSIPPICFVGF	1
DBAASP_4023	AMP	1.0	SALGRVASKVFPAVYCSITK	1
DBAASP_7767	AMP	1.0	RFRRLRKKFRKRLKKI	1
DBAASP_4035	AMP	0.9999	VKDLAKFIAKTVAKQGGCYL	1
DBAASP_11049	AMP	0.978	NGKTWKKNRKACQVK	1
DBAASP_12185	AMP	0.9989	GIMDTVKNAAKNLAGQLLDKLK	1
DBAASP_3402	AMP	0.9986	ILPILGNLLNGLL	1
DBAASP_16780	AMP	0.9604	LNLKALLAVAK	1
DBAASP_20022	non-AMP	0.0437	LAKKLKEYLEKLV	0
DBAASP_4254	AMP	0.9982	GLFDVIKKVASV	1
DBAASP_17655	AMP	0.9859	GLAKRAKTLL	1
DBAASP_3997	AMP	1.0	LGALFRVASKVFPAVISMVK	1
DBAASP_1362	AMP	0.9995	TKCFQWQRNMRKVRGPPVSCIKRDS	1
DBAASP_1878	AMP	1.0	SVLGTVKDLLIGAGKSAAQSVLTTLSCKLSNSC	1
DBAASP_20360	AMP	0.9059	AAGAGKVTKSAQKAQKAK	1
DBAASP_18154	AMP	0.9998	LPLIAGLWGKIW	1
DBAASP_6009	AMP	1.0	GLLNVIKDTAQNLFAAALEKLKCKVTKCN	1
DBAASP_5712	AMP	0.9999	NLLGSLLKTGLKVGSNLL	1
DBAASP_20174	AMP	0.9917	FIFSKLFLGLIKI	1
DBAASP_3960	AMP	1.0	FLKVVFKKASKVFPAVFGKV	1
DBAASP_13250	AMP	0.9091	AIARTRRRLLLYLLA	1
DBAASP_19869	AMP	0.8346	GVIIDTLKGAAKTVAAELLRKAH	1
DBAASP_16977	AMP	0.9996	SRDSRPVQPRVQPPPPPPKQKPSIYDTPIRRPGGRKTMYA	1
DBAASP_15001	AMP	0.5751	FILKRSYPQYY	1
DBAASP_19873	AMP	0.9983	GVIIKTLKGAAKTV	1
DBAASP_3999	AMP	0.9997	LPVLFKLASKVFPAVFSSLK	1
DBAASP_11186	AMP	0.9956	PYLPRPGRRPRFPPPFP	1
DBAASP_11821	AMP	0.6664	DSEGWKVQPNINRDQDGNTAGSVRVQKQLGNHEVHAGASRVFSGPNRGGPSYNVGATFNW	1
DBAASP_4695	AMP	0.754	IYYPPNHNFP	1
DBAASP_18156	AMP	0.835	INLKAIAASAKKLL	1
DBAASP_7103	AMP	0.9995	ILGTIPGLLKGL	1
DBAASP_19607	AMP	0.8373	ARARRRRFRARA	1
DBAASP_17333	non-AMP	0.0286	KVMREVLGYERNSYK	0
DBAASP_6005	AMP	0.9998	FLPILGKLLSGFL	1
DBAASP_320	AMP	0.8095	KIGAIKKWGAIKKIGAIK	1
DBAASP_4066	AMP	0.8544	KTVPVVLKASIKVSSAGFGF	1
DBAASP_568	non-AMP	0.0683	GETFDKLKEKLKTFYQKLVEKAEDLKGDLKAKLS	0
DBAASP_20537	non-AMP	0.0642	VNRVTRVIATRRNEAERIGVPLYF	0
DBAASP_5856	AMP	0.9997	EQLKKCWNNYVQGHCRKICRVNEVPEALCENGRYCCLNIK	1
DBAASP_3966	AMP	1.0	FLGVVFKGASKVFPAVFGKV	1
DBAASP_13247	AMP	0.9990000000000001	KWKCLAKVGIAAH	1
DBAASP_19286	AMP	0.9999	GLLGKILGAGKKVL	1
DBAASP_8876	non-AMP	0.1511	DIGKYCGYAHALN	0
DBAASP_7663	AMP	0.9993	SKVGRHLRRFGHRAHRKL	1
DBAASP_8596	AMP	0.9959	GLLTRIKTLL	1
DBAASP_9333	AMP	0.9955	GRRPRPRPRPFFF	1
DBAASP_18104	AMP	0.9763	SVIFGCTKSIPPICFVGFK	1
DBAASP_10653	AMP	0.9955	LIGSLVRGILPLF	1
DBAASP_13644	AMP	0.9494	ETAKGVAKHLPPAIA	1
DBAASP_11571	AMP	0.9953	KKCKGYRCRPVGFSSPISRRINDSENIYLPFGV	1
DBAASP_9703	AMP	1.0	KWKSFLKTFKSAEKTVLHTALKAISS	1
DBAASP_11051	AMP	0.6946	KAKRRARNLNQKKRK	1
DBAASP_8288	AMP	0.9998	GVFDIIKDAGKQLVAHAMGKIAEKV	1
DBAASP_4385	AMP	0.9345	FLPLAMALGKLL	1
DBAASP_21465	AMP	0.9999	WCRRQNLRRWIHWRRNRLLSLNWWRTNRHLKRTKVF	1
DBAASP_14023	AMP	0.9659	IHHIHHHIHHIHHHIHHIHHH	1
DBAASP_325	AMP	0.9988	KLAGLKAKWAGLKAKLAGLKA	1
DBAASP_14194	non-AMP	0.0094	GTNLYMLPKWDIP	0
DBAASP_13773	AMP	0.9897	KWFRVYRGIYRRRR	1
DBAASP_4071	AMP	1.0	FVGGVASKVVPSVYCKVSKK	1
DBAASP_8624	AMP	0.9936	GVLKRIKTLV	1
DBAASP_1400	AMP	0.9958	CFQWKRAMRKVR	1
DBAASP_14093	AMP	0.9988	FKARRWQWRMKKLGA	1
DBAASP_9798	AMP	0.9998	FLSLIPHAINAVGVHAKHF	1
DBAASP_4011	non-AMP	0.0168	KFDPLEGAPMARGIVLEKVG	0
DBAASP_20359	AMP	0.9825	RARKIRRRRGSLRHCVTIPSTPSGR	1
DBAASP_4567	AMP	0.7989	KKSYVRRWRS	1
DBAASP_3403	AMP	0.9987	ILPILGNLLNSLL	1
DBAASP_11218	AMP	0.9977	GFLEKLKTGAKDFASAFVNSIK	1
DBAASP_20573	AMP	1.0	RRRRRRWWWWWWW	1
DBAASP_14314	AMP	0.9796	SLWSSIKDMAAAAGRAALNAVNGILNP	1
DBAASP_19589	non-AMP	0.06	FVDLKKIANIL	0
DBAASP_4049	AMP	0.9999	LSFVGRVASKVVPSLISMIK	1
DBAASP_17768	non-AMP	0.0823	HLPLPLLQPLMQQVPQPI	0
DBAASP_18065	AMP	0.8748	PRYPRWPRHPD	1
DBAASP_7115	AMP	0.9987	FPVTWPTKWWKG	1
DBAASP_11057	AMP	0.9947	RLKKHLKKIK	1
DBAASP_11364	non-AMP	0.0002	DHNNEIVKIQSLLRANKARDDYK	0
DBAASP_14676	non-AMP	0.0002	GEFAQFEQEAQSLEQELSQLEQQLESL	0
DBAASP_19127	AMP	0.9999	GFFKKAKRKVKKAG	1
DBAASP_20397	AMP	0.9996	KEERGAPKGCWTKSYPPKPCSGKR	1
DBAASP_4553	AMP	0.9821	LRRLWLRANRL	1
DBAASP_5026	AMP	1.0	HFLGTLVNLAKKIK	1
DBAASP_20405	AMP	0.9902	AGLQFPVGRIHRHLKTR	1
DBAASP_16103	AMP	1.0	FALGAVTKVLYKLFCLITRKC	1
DBAASP_20295	AMP	0.5631	VLGLALIVGGALLIKKKQAKS	1
DBAASP_2211	AMP	0.9988	FLGALAKIISGIF	1
DBAASP_19290	AMP	0.9949	GVFKDALKQFGAALLDQAANALKPK	1
DBAASP_14664	AMP	0.6606	GGRRWQWRMKKLGAPSITLPET	1
DBAASP_6336	AMP	0.821	GNNRVYIPQPRPHPRL	1
DBAASP_9366	AMP	0.9995	AAKIILNPKFRCFAAFC	1
DBAASP_15621	AMP	0.9921	GFLKKVGKKLEGASDLTRDATIQTIAVAQAAANVAATAKQG	1
DBAASP_12629	AMP	1.0	FLSLIPKIISAISALINHF	1
DBAASP_7149	AMP	1.0	LLPIVGNLLKSLLGWKRKAFG	1
DBAASP_13641	non-AMP	0.0987	EWAAARQVIIHATRKY	0
DBAASP_5014	AMP	1.0	KFLGTLVNLAKKIL	1
DBAASP_12351	AMP	1.0	GWGCNIFGGNDYRCHRHCKSISGYKGGYCKLGGICKCY	1
DBAASP_979	AMP	0.985	KSSTRGRKSSRRKK	1
DBAASP_8152	AMP	0.9998	FLFSLIPSAIAGLVSAIRN	1
DBAASP_15148	AMP	0.9994	LVTLVFVGGGWKWKWENGKWKWKW	1
DBAASP_17411	AMP	0.9440000000000001	RIVQRIKKWR	1
DBAASP_17930	non-AMP	0.4724	GILDIKNKVSNLFKKIK	0
DBAASP_11048	AMP	0.9977	DRVFKFACRRNKAAR	1
DBAASP_17398	AMP	1.0	LRRLRLRLLRLLRRLLRLL	1
DBAASP_16463	AMP	0.9999	FLPGILKVAANVVPGVI	1
DBAASP_4077	non-AMP	0.4631	FIKELLPHLSGIIDSVANAIK	0
DBAASP_4040	non-AMP	0.2635	STVKVASKLAVVVSPISKGS	0
DBAASP_11808	AMP	0.9997	SLQPGAPNFPIPGQEKQEGWKFDPSLTRGEDGNTLGSINIHHTGPNHEVGANWDKVIRGPGKAKPTYSIHGSWRW	1
DBAASP_2407	AMP	0.9998	ILGKLLSTAAGLLSNL	1
DBAASP_19588	non-AMP	0.0644	FVDLKKIANILNSIF	0
DBAASP_4020	AMP	0.9368	SRVPLKSPVKIVGSKVMIFA	1
DBAASP_4041	AMP	0.9999	MKSIAKFIAKTVAKQGAKQG	1
DBAASP_18060	AMP	0.9997	LPRIPRLPRYPRYPRWPRHPT	1
DBAASP_20399	AMP	0.9039	RMIRRPPGFSPFRVAPASSLKR	1
DBAASP_20538	non-AMP	0.0114	VEKSEKAISGARRGSPIVNRHVVHLEHVRLKGPYRLSDRLSSAPRTSTRV	0
DBAASP_20365	AMP	0.9982	NKIKFINKYVKKVQLKKILVKS	1
DBAASP_20935	AMP	0.9999	GVLELLKGAAKDLAGHVATKVLKKI	1
DBAASP_10649	non-AMP	0.0449	FSEAIKKIIDFLG	0
DBAASP_6911	AMP	1.0	LQKYYCRVRGGRCAVLSCLPKEEQIGKCSTRGRKCCRRKK	1
DBAASP_5023	AMP	0.9999	HFLGTLVNKAKKIL	1
DBAASP_19289	AMP	0.9992	GVFKDALKQFGAALLDKAANALKPK	1
DBAASP_13062	AMP	1.0	GFGCPGNEKKCHNHCKGIKGYKGGYCDGPYIPFVGRPRCKCY	1
DBAASP_15887	AMP	0.6536	RKKKMKKALQY	1
DBAASP_20939	AMP	1.0	GVIDFLKGAAKDLAGHVATKVIKKL	1
DBAASP_12628	AMP	0.9999	FLSLIPKAISAISALINHF	1
DBAASP_8809	AMP	0.8828	VDRGWGNGCGLFGKGG	1
DBAASP_15882	AMP	0.9891	RYRRKKKMKKA	1
DBAASP_5425	AMP	0.7697	LRPAILVRIK	1
DBAASP_4039	AMP	0.9998	SAVGSVASKVVPSLISKVTK	1
DBAASP_20336	non-AMP	0.2604	FILHAKKTRSAK	0
DBAASP_13638	AMP	0.502	AIVEQLRKRC	1
DBAASP_6439	non-AMP	0.0014	DLKGTFAALSELHCDKLHVDPENFKL	0
DBAASP_10834	AMP	0.9999	FFSMIPKIAGGIASLVKNL	1
DBAASP_19139	non-AMP	0.0002	MLSLISQVTLYSLSDNNLAAIIVDFLIHK	0
DBAASP_3975	AMP	1.0	FLGKVVKGASKVFPAVFGKV	1
DBAASP_17334	non-AMP	0.0283	REVLGYERNSYK	0
DBAASP_19851	AMP	0.9990000000000001	FLPIVAKLLEGLL	1
DBAASP_19855	AMP	0.9999	FLPIVAKLLKGLL	1
DBAASP_17654	AMP	0.8937	GALKRAKTAL	1
DBAASP_9336	AMP	0.9955	GRRPRPRPRPFFF	1
DBAASP_19592	AMP	0.64	KKFVPLKKIANIL	1
DBAASP_3775	AMP	0.9998	GFWSSALEGLKKFAKGGLEALTNPK	1
DBAASP_14269	AMP	0.9769	VRRFPWAAPFLRR	1
DBAASP_2208	AMP	0.9997	FLPILGKLLSGIL	1
DBAASP_17110	AMP	0.9797	GLFDIIKKIWESF	1
DBAASP_11217	AMP	0.9990000000000001	GFLEKLKKGAKDFASALVNSIKGT	1
DBAASP_20335	AMP	0.9991	VAAFAIIGCLCCRRPRR	1
DBAASP_4074	AMP	0.9675	VKTKCSVPAVVYILVKTFKS	1
DBAASP_7021	AMP	0.9944	SRWPSPGRPRPFPG	1
DBAASP_20178	non-AMP	0.0404	WGKNLQMKSLYNNLTIGHYKRRF	0
DBAASP_19880	AMP	0.9999	LKKLCAILKKLCRI	1
DBAASP_15622	AMP	0.9962	GFLKKVGKKLEGASDLTRDATIQTIAVAQAAANVAATAKQ	1
DBAASP_4258	AMP	0.9935	DVIKKVASVIG	1
DBAASP_4075	AMP	1.0	GALFSLASKVVPAVIGLIKK	1
DBAASP_4455	non-AMP	0.4411	HKTDSFVGLM	0
DBAASP_13639	AMP	0.9795	KLSASLKHVAHRARHLS	1
DBAASP_4418	AMP	1.0	FLPILASLAAKFGPKLFSLVTKKS	1
DBAASP_4593	AMP	0.9999	GIIKKIIKKI	1
DBAASP_20965	AMP	1.0	GIGKFLKFALKKGLGLVLKFKL	1
DBAASP_4019	AMP	0.9994	PVIGKLASKVVPSVFSMIKR	1
DBAASP_15881	AMP	0.9501	RYRRKKKMKKALQY	1
DBAASP_12391	AMP	0.9994	FLSLIPHIVSGVAALANHL	1
DBAASP_12675	AMP	0.9924	QLGRRRHRRRPSRRRRHW	1
DBAASP_20535	AMP	0.6598	VVKTVVSRAYTRAGLAQRLGWHDLRHSTRT	1
DBAASP_4032	AMP	1.0	GALFGLASKVFPAVFGAFKK	1
DBAASP_8290	AMP	0.9994	GVIDIIKGAGKDLIAHAIGKLAEKV	1
DBAASP_19844	AMP	0.9993	FLEIVAKLLSGLL	1
DBAASP_4556	AMP	0.6888	QLKVDLWGTRSGIQPEQHSSGKSDVRRWRSRY	1
DBAASP_8625	AMP	0.9724	GLMKRIKTML	1
DBAASP_4006	non-AMP	0.0137	KVFIATLVVSSFLLAKPPRV	0
DBAASP_20493	AMP	0.9874	LKCTKSGCKL	1
DBAASP_10737	AMP	0.9997	GLFDIVKKVVGAIGSL	1
DBAASP_4065	AMP	0.9996	FVGSLASKVVPSVFGAIKTK	1
DBAASP_17824	AMP	0.9667	GRRPLLLRAR	1
DBAASP_15	AMP	0.9544	DSHAKRHHGYKRKFHEKHHSHRGY	1
DBAASP_4000	non-AMP	0.3916	VSVKKVLPFAPLKSLLSFAF	0
DBAASP_19137	non-AMP	0.0003	MSAALMSGSVSSSWSFRYFSRSDMAAIMSSGAGGI	0
DBAASP_18066	AMP	0.9999	WPKLPKIPKLPKYPKYPKWPK	1
DBAASP_5286	AMP	1.0	GFISTVKNLATNVAGTVIDTIKCKVTGGC	1
DBAASP_13251	AMP	0.9544	AAARLRLLLYLITRR	1
DBAASP_3104	AMP	0.9987	FLSIIAKVLGSLF	1
DBAASP_7662	AMP	0.9988	SKVGRHGRRFGHRAHRKL	1
DBAASP_9407	AMP	0.9996	DIFGAIWPLALGALKNLIK	1
DBAASP_10697	AMP	0.9999	RLPWRWPRRPWRR	1
DBAASP_10704	AMP	1.0	FLGGLIKRVPAMICAVRKKC	1
DBAASP_3884	AMP	1.0	FLFSLIPHAIGGLISAFK	1
DBAASP_13719	AMP	0.9976	KFKKVIWKSFL	1
DBAASP_4056	AMP	0.9931	PSLLYKAKAVFCKPSAVAVF	1
DBAASP_4034	AMP	0.9982	FMKVLAVFGSVVTSAPKASK	1
DBAASP_17565	AMP	0.9988	GFLDVVKGVGKAALGAVTHLINQGEQ	1
DBAASP_19810	AMP	0.9943	GSKKPVPIIYTNRRTGKCQRM	1
DBAASP_12381	AMP	0.9996	FLSLIPAAISAVSALANH	1
DBAASP_3969	AMP	1.0	FLGSVFKSASKVFPAVFGKV	1
DBAASP_4298	AMP	1.0	FLGMIPGLIGGLISAFK	1
DBAASP_14271	AMP	0.8852	VRRFPAAAPFLRR	1
DBAASP_20388	AMP	0.9988	GLISGILGAGKK	1
DBAASP_11054	AMP	0.9644	RQIKKAFRKMA	1
DBAASP_10035	AMP	0.9849	GRRRRSVQWCA	1
DBAASP_3769	AMP	0.9502	GVGKFLHSAKKFGQALASEIMKS	1
DBAASP_3962	AMP	1.0	FLGVVFKKASKVFPKVFGKV	1
DBAASP_7765	AMP	1.0	RFRRLRKKIRKRLKKI	1
DBAASP_18209	AMP	0.9998	FFPLIFGALSSILPKIL	1
DBAASP_4416	AMP	1.0	GLKKIFKAGLGSLVKGIAAHVAS	1
DBAASP_20361	AMP	0.9264	ATAAECLKHPWLKIKK	1
DBAASP_3986	AMP	1.0	FLGVVFKLASKVFGAVFGKV	1
DBAASP_16581	non-AMP	0.0905	DILIIVGGGSGKERKKRRR	0
DBAASP_12189	non-AMP	0.0086	QREPQVQWLEQQVAKRRTKR	0
DBAASP_5510	AMP	0.9997	GVAKFGKAAAHFGKGWIKEMLNS	1
DBAASP_10116	AMP	0.9999	KIAGKIAKKAGKIAK	1
DBAASP_6916	AMP	0.9896	LQKYYARVRGGRAAVLSALPKEEQIGKASTRGRKAARRKK	1
DBAASP_5418	AMP	0.9981	AIFIFIRWLLKLGHHGRAPP	1
DBAASP_2285	AMP	1.0	GMATKAGTALGKVAKAVIGAAL	1
DBAASP_13416	non-AMP	0.1457	MDKYIRKEDLGMKMLDVAKILGRRIEKRMEYIAKK	0
DBAASP_20362	AMP	0.9774	IIRATAAECLKHPWLKIKK	1
DBAASP_13832	AMP	0.9997	ALRGCWTFSIPPKPCP	1
DBAASP_18166	AMP	0.9995	FLQGIWDTVGKWL	1
DBAASP_10490	AMP	0.9019	VLLRALARKITLGIKKYG	1
DBAASP_4009	non-AMP	0.0847	AATGTGKTAAFALPVLERLI	0
DBAASP_13649	AMP	1.0	FLFSLIPNAISGLLSAFK	1
DBAASP_14727	AMP	0.9953	GWARRTVAKVRK	1
DBAASP_17760	AMP	0.7829	RIKTVTSFDLPALRWLKL	1
DBAASP_20021	AMP	0.8455	SWKSMAKKLKEYMEKLKQRA	1
DBAASP_5057	AMP	0.9976	KILRGVSKRILTGKK	1
DBAASP_15880	AMP	0.9927	RYRRKKKMKKALQYIKL	1
DBAASP_18788	AMP	0.9998	GWWRRTVDKVRNAGRKV	1
DBAASP_20955	AMP	1.0	IGKLFKRIVERIKRFLRVLLRILR	1
DBAASP_12928	AMP	1.0	LLKLLLKLLLKLL	1
DBAASP_19849	AMP	0.8655	FLPIVAKELSGLL	1
DBAASP_15883	AMP	0.9696	RYRRKKKMKK	1
DBAASP_10886	AMP	1.0	QVRWWGRYWRRKWATCR	1
DBAASP_20358	AMP	0.904	SILSTLSHKR	1
DBAASP_5252	AMP	1.0	PRPLPFPRPGPRPIPRPLPFPRPGPRPI	1
DBAASP_4729	AMP	0.9985	FWGALAKGALKLIGVSLFSSFSKKD	1
DBAASP_10117	AMP	0.9999	KIAGKIAKKAGKIAKIA	1
DBAASP_12190	non-AMP	0.0022	RHSRLQREPQVQWLEQQVAKRRTKR	0
DBAASP_4260	AMP	0.8204	GLFDVIKASVIGGL	1
DBAASP_4022	non-AMP	0.1191	GLKKDALQSIVKKAQLAAMG	0
DBAASP_14991	AMP	0.9999	IAKIAGKIAKIAGKIA	1
DBAASP_18052	AMP	0.9997	LPRIPRLPRYPRYPRWPRHPTIYA	1
DBAASP_7660	AMP	0.9829	SAVGRHLRRFLLRKHRKH	1
DBAASP_12186	AMP	1.0	GIMDTVKNAAKNLAGQLLDKLKCSITAC	1
DBAASP_4021	AMP	0.9978	GLMSLVKDIAKLAAKQGAKQ	1
DBAASP_4002	AMP	0.9999	FLPVLVKVFRYSKKTAAGCF	1
DBAASP_5713	AMP	0.9986	GLKEVAHSAKKFAKGFISGLTGS	1
DBAASP_16482	AMP	1.0	GIKKWLHSAKKPPKKFVKKIMNS	1
DBAASP_20163	AMP	0.9766	SLWENFKNAGK	1
DBAASP_9048	AMP	0.9948	CWTKSIPPKPC	1
DBAASP_5354	AMP	0.9821	MAIVGTIIKIIKAIIDIFAK	1
DBAASP_12905	AMP	0.9999	AKKKLSRWWLRWWVK	1
DBAASP_16390	AMP	0.9995	GLLDFFKGAGKELLTHLASQI	1
DBAASP_9334	AMP	0.998	GRRPRPRPRPFFFF	1
DBAASP_6435	non-AMP	0.0103	LVTLASHLPSDFTPAVHASLDKFLANVSTVLTSKYR	0
DBAASP_21306	AMP	0.9998	TVAAQLLKKARCKLDKSC	1
DBAASP_20323	non-AMP	0.1206	ATAWKVPPGLQPIRPIRIRPLCGNDKS	0
DBAASP_8386	AMP	1.0	KWKSFAKTFKSAKKTVAHTALKAISS	1
DBAASP_12390	AMP	0.9999	FLSLIPHIASGIASLVKNF	1
DBAASP_17816	AMP	0.9913	GKKPWGWKAK	1
DBAASP_4262	AMP	0.9996	GLFAVIKKVASVIGG	1
DBAASP_14679	non-AMP	0.0001	EAQNLEKEIAALEQAIQGLEKEIPALAQQIQALEL	0
DBAASP_1646	AMP	0.9984	ILPLVGNLLNDLL	1
DBAASP_17281	AMP	1.0	ATCDLLSPFKVGHAACAAHCIARGKRGGWCDGRAVCNCRK	1
DBAASP_6912	AMP	1.0	LQKYYCRVRGGRCAVLSCLPKEEQIGKCSTRGRKCCRRKK	1
DBAASP_19870	AMP	0.8687	GVIIDTLKGAAKTVAAELL	1
DBAASP_264	AMP	1.0	KWKSFAKTFKSAKKTVLHTALKAISS	1
DBAASP_4055	AMP	1.0	LPAVFKLASKVFPAVYCKAS	1
DBAASP_4359	AMP	0.9954	GVVDILKGAAKDIAGHLASKVM	1
DBAASP_5020	AMP	0.9994	HFLGTKVNLAKKIL	1
DBAASP_13462	AMP	1.0	ATCDLLSPFKVGHAACALHCIAMGRRGGWCDGRAVCNCRR	1
DBAASP_18115	AMP	0.9999	RSWIFCTRYIPPICFVGWR	1
DBAASP_13074	AMP	0.551	KETWWETWWTEWSQPKKKRKV	1
DBAASP_470	AMP	0.9973	KKAAAAAAAAAAAAWAAAAAAKKKK	1
DBAASP_7664	AMP	0.9993	SKVGRHLRRFLHRAHRKL	1
DBAASP_4052	AMP	0.9879	TLVGVVAKLVATKIGSSPRA	1
DBAASP_11216	AMP	0.9983	GFLEKLKTGAKDFASAFVNSIKGT	1
DBAASP_3971	AMP	1.0	FLGVVFKLVSKVFPAVFGKV	1
DBAASP_16980	AMP	1.0	FPVTWRWWKWWKG	1
DBAASP_8292	AMP	0.9968	GVFDIIKDAGRQLVAHAMGKIAEKV	1
DBAASP_8160	AMP	0.9997	LKKLKGRVSRSFLFFVKLRPAKRTLKKRIL	1
DBAASP_3885	AMP	0.9999	FPFSLIPHAIGGLISAIK	1
DBAASP_8810	AMP	0.9634	VARGWGNGCGLFGKGG	1
DBAASP_3987	AMP	1.0	FLKVVFKLASKVFGAVFGKV	1
DBAASP_4384	AMP	1.0	GILDTVKGVAKDVAAHLLNMVKCKITGC	1
DBAASP_19136	non-AMP	0.0025	MPMAGAASMPNIFNLLRMPRLSATSAAAMAMRSLWA	0
DBAASP_4037	AMP	0.9998	GVVGKLASKVVPSVFGSFTK	1
DBAASP_3983	AMP	1.0	FLGKVFKKASKVVPAVFGKV	1
DBAASP_3818	AMP	0.9193	GWASKIGQTLGKMAKVGLQEIIQPK	1
DBAASP_20569	AMP	0.9997	RRRRRWWWWWW	1
DBAASP_19134	non-AMP	0.0074	MRNKINISSLKAYASFFALMPHNVSLKIAIVNALSFSG	0
DBAASP_6428	AMP	0.9942	VLSAADKGNVKAAWGKVGGHAAEYGAEALERMFLSFPTTKTYFPHF	1
DBAASP_14313	AMP	0.9703	SLWSSIKDMAAAAGRAALNAVNGIVNP	1
DBAASP_8626	AMP	0.7532	GMLKRIKTLM	1
DBAASP_4003	AMP	0.9998	SFVFKLASKVVPSVFSALTR	1
DBAASP_11541	non-AMP	0.0171	EEEEEEEEEEKKRLKKIFKKPMVIGVTIPF	0
DBAASP_10643	AMP	0.9855	PPIVGSIPLGCG	1
DBAASP_4076	AMP	0.9912	LPVLFSSAIAKVGIKLGAKV	1
DBAASP_3114	AMP	1.0	GFGCNGPWDEDDMQCHNHCKSIKGYKGGYCAKGGFVCKCY	1
DBAASP_8291	AMP	0.9999	GVFDIIKGAGKQLIAHAMGKIAEKV	1
DBAASP_12515	AMP	0.992	KAAKTVFKLFKLQAKRAIEA	1
DBAASP_10907	AMP	0.9999	FLYIVAKLLSGLL	1
DBAASP_13248	AMP	0.9979	KRSWDIVKKYVGVVVGTIH	1
DBAASP_7720	non-AMP	0.158	FINKAGKLQSQLRTTVVAAAAFLDAFQKVA	0
DBAASP_19846	AMP	0.8899	FLPIEAKLLSGLL	1
DBAASP_18159	AMP	0.9929	INLKAIAALGKKLL	1
DBAASP_19848	AMP	0.9962	FLPIVAELLSGLL	1
DBAASP_5250	AMP	0.9906	RRIRPRPPRLPRP	1
DBAASP_4059	AMP	0.9999	SVVFGVASKVVPSVIGKVKT	1
DBAASP_17326	non-AMP	0.1689	KVMREVLGYERNSYKKFFLR	0
DBAASP_8199	AMP	0.9999	FFSLIPSLVGGLISAFK	1
DBAASP_18111	AMP	0.9972	RSVIFGCYRRFCFVGFK	1
DBAASP_11052	AMP	0.9996	GIWTCRKKRA	1
DBAASP_20951	AMP	0.9861	IGKEFKRIVERIKRFLRELVRPLR	1
DBAASP_20498	AMP	0.9937	VKCTKSGCKV	1
DBAASP_20371	AMP	0.9878	GAFVLWGPTPRPRRR	1
DBAASP_20409	AMP	0.9972	GLLKRIKTLL	1
DBAASP_18064	AMP	0.9981	LPRIPRLPRYPRYPRWPRHPD	1
DBAASP_19020	non-AMP	0.0058	FLALALIQEAIAKLK	0
DBAASP_16039	AMP	0.9991	GGLRSLGLKILLAWKKYG	1
DBAASP_19843	AMP	0.9953	FEPIVAKLLSGLL	1
DBAASP_4050	non-AMP	0.2143	SSSIPIKMVLVRALVFVKSG	0
DBAASP_21304	AMP	0.9984	GVIFNALKGVAK	1
DBAASP_3998	non-AMP	0.483	SVPSVGAVLFFKRAAVMKLI	0
DBAASP_3994	non-AMP	0.0723	GVSVAGAKKVKVLFVFPFLF	0
DBAASP_18105	AMP	0.9794	RSVIFGCTKSIPPICFVGFK	1
DBAASP_18167	AMP	1.0	LWGALLGLGSTLLSKL	1
DBAASP_13060	AMP	1.0	GFGCGGPWNEDDMQCHNHCKSIKGYKGGYCASAGFVCKCY	1
DBAASP_1042	AMP	0.5267	FQWQRNIRKVR	1
DBAASP_4054	AMP	0.9390000000000001	PKVVGLSIVVVKAKVSSALG	1
DBAASP_13786	non-AMP	0.0003	KVEIVAINDPFIDL	0
DBAASP_6440	non-AMP	0.0159	LDDLKGTFAALSELHCDKLHVDPENFKLLGNVLVVVLARNFGKEFTPVL	0
DBAASP_4008	non-AMP	0.0002	RKRKSDVDFEAEFELFEDDD	0
DBAASP_718	AMP	0.6282	HPLKQYWWRPSI	1
DBAASP_20015	AMP	0.9999	LGLFKLLLRLILKGFKL	1
DBAASP_11250	non-AMP	0.0002	IKLRNVLKYLFRIDVIKEDIL	0
DBAASP_11056	AMP	0.9043	AKRRLLKKMK	1
DBAASP_13058	AMP	1.0	GFGCNGPWDEDDMKCHNHCKSIKGYKGGYCAKAGFVCKCY	1
DBAASP_6935	AMP	0.9806	GLNALKKVFQGFHEAIKLINNHVQ	1
DBAASP_3953	AMP	1.0	FLGVVFKLASKVFKAVFGKV	1
DBAASP_16926	AMP	0.8408	KKKAARRWWA	1
DBAASP_21170	AMP	1.0	FLPLLAGLAANFLPQIICKIARKC	1
DBAASP_10825	AMP	0.9199	AVAGEKLWLLPHLLKMLLTPTP	1
DBAASP_4045	AMP	1.0	SVIGKIASKVVPSVYCAISK	1
DBAASP_7766	AMP	0.9997	RFRRLRKKKRKRLKKI	1
DBAASP_14270	AMP	0.9947	VRRFPAWAPFLRR	1
DBAASP_20170	AMP	0.9990000000000001	RLKRFKRVALRREKTARNFRSIVS	1
DBAASP_6335	AMP	0.9883	GNNRPVYIPQPRPHPRL	1
DBAASP_17001	AMP	0.9999	LKKLLKLPKKLLKL	1
DBAASP_4025	AMP	1.0	GFIGKLASKVVPSVYCKVTG	1
DBAASP_20363	AMP	0.826	SVASLAKNSAWPVSLKR	1
DBAASP_6922	AMP	0.9926	AVLSWLPKEEQIGKWSTRGRKWWRRKK	1
DBAASP_17772	non-AMP	0.0236	EPIPLESREE	0
DBAASP_4357	AMP	0.9997	GVVDILKGAAKDLAGHLATKVMNKL	1
DBAASP_13640	AMP	0.9781	ESRAGKLAAKAAFKAAKR	1
DBAASP_12507	AMP	0.998	KGKKGVIIAILLFAIIYKKK	1
DBAASP_20162	AMP	0.9969	SLWENFKNAGKK	1
DBAASP_12191	non-AMP	0.0039	SPHRPRHSRLQREPQVQWLEQQVAKRRTKR	0
DBAASP_7665	AMP	0.9997	SKVLRHLRRFLHRAHRKL	1
DBAASP_7104	AMP	0.9939	ILGTILGPLKGL	1
DBAASP_4471	non-AMP	0.0006	KVALGVAQNYLNPQQ	0
DBAASP_3972	AMP	1.0	FLGVVFKLAVKVFPAVFGKV	1
DBAASP_4012	AMP	0.6159	HTGRSGPATGHSGHSSTHGS	1
DBAASP_4005	AMP	0.9999	LPVVFRVASKVFPALISKLT	1
DBAASP_6418	AMP	0.9715	SAADKGNVKAAWGKVGGHAAEYGAEALERMFLSF	1
DBAASP_13772	AMP	0.8747	KWFRVYRGIY	1
DBAASP_20351	non-AMP	0.4987	DNKWQNVHFHRSAVTGPTSFSFSHK	0
DBAASP_7659	AMP	0.995	SAVGRHLRRFGLRKHRKH	1
DBAASP_11880	AMP	1.0	FLGAVLKVAGKLVPAAI	1
DBAASP_10156	AMP	1.0	FKCWRWQWRWKKLGAPS	1
DBAASP_2832	AMP	0.9999	SVIGCWTKSIPPRPCFVK	1
DBAASP_20372	AMP	0.9994	GIFSLIKGAAK	1
DBAASP_4007	non-AMP	0.0002	THIHMNARLLIRSPFTDPQL	0
DBAASP_5371	AMP	0.9998	GLVGTLLGHIGKAILG	1
DBAASP_21307	AMP	0.9686	TVAAQLLKKAR	1
DBAASP_14663	AMP	0.7082	GGRRWQWRMKKLGAPSITLPETGG	1
DBAASP_3761	AMP	0.9999	SFHVFPPWMCKSLKKC	1
DBAASP_15150	AMP	0.9985	LVTLVFVGGGWKWKWENGKWKWQW	1
DBAASP_16921	AMP	0.9999	KWWKLLRKKR	1
DBAASP_20172	AMP	0.5899	VVKTGCQRRRMLPR	1
DBAASP_6422	non-AMP	0.0005	TKAVEHLDDLPGALSELSDLHAHKLRVDPVNFKLLSHSLL	0
DBAASP_4073	AMP	0.9999	VVFKLASKVVPSVYCTITKK	1
DBAASP_20176	AMP	0.9979	GLKITHTITVKGILGFLWVKIVAQK	1
DBAASP_14780	AMP	0.9989	RKLFKRILKYL	1
DBAASP_124	AMP	0.9986	GIAKFGKAAAHFGKKWVGELMNS	1
DBAASP_19359	non-AMP	0.4913	AGTKEWLNKAKDFIKEKGLGMLSAAANAALN	0
DBAASP_316	AMP	0.9828	KKIGAIKKWGAIKKIGAI	1
DBAASP_16464	AMP	0.9983	FLPGILKVAAK	1
DBAASP_6166	AMP	1.0	GIMDTIKGAAKDLAGQLLDKLKCKITKC	1
DBAASP_476	AMP	0.9734	KKAAASAAAAASAAWAASAAAKKKK	1
DBAASP_3893	AMP	0.9955	LLGMIPLAISAISALSKL	1
DBAASP_5352	AMP	0.938	MGIIAGIIKVIKSLIEQFTGK	1
DBAASP_9330	AMP	0.9872	GRRPRPRPRP	1
DBAASP_11255	AMP	0.8435	GSLHGFMYKYLKNMVLTLF	1
DBAASP_8293	AMP	0.9964	GVFDIIKGAGKQLIAHAMEKIAEKVGLNKDGN	1
DBAASP_13488	AMP	0.9941	VRLPPPVRLPPPVRLPPP	1
DBAASP_18053	AMP	0.9988	RLPRYPRYPRWPRHPTIYA	1
DBAASP_14653	AMP	0.9999	TKCFQWQWRMKKLGAPSITCVRRAF	1
DBAASP_13630	non-AMP	0.28300000000000003	EVAKKLLASALKLALAI	0
DBAASP_12580	AMP	0.9996	PIRRPPIRPPFYPPFRPPIRP	1
DBAASP_18061	AMP	0.9836	LPRIPRLPRYPRYPR	1
DBAASP_20383	AMP	1.0	GFMDTAKNVAKNVAVTLLDNLKCKITKAC	1
DBAASP_8289	AMP	0.9995	GVFDIIKDAGKQLVAHATGKIAEKV	1
DBAASP_20321	AMP	1.0	VIPFVASVAAEMMHHVYCAASKRCKN	1
DBAASP_13253	AMP	0.998	SKFLSKKPKKLFWFRA	1
DBAASP_4060	non-AMP	0.0842	VFSVKGGKPSVVIKVVVAST	0
DBAASP_10885	AMP	0.9198	SIKILKIYFIQGKRHWSF	1
DBAASP_8813	AMP	0.8734	GRKKRRQRRRPPQ	1
DBAASP_20357	non-AMP	0.0051	KHHHIKLRHERHRRYILKSLI	0
DBAASP_15006	non-AMP	0.0003	NNEENELRRRVSFNRAVIHSLLG	0
DBAASP_17814	AMP	0.9548	GKKPGGWKAK	1
DBAASP_4580	non-AMP	0.0826	QHSSGKSDVRRW	0
DBAASP_10698	AMP	1.0	FLGGLIKIVPAMICAVRKKC	1
DBAASP_9244	AMP	0.8734	GRKKRRQRRRPPQ	1
DBAASP_20398	AMP	0.9798	FLPSSPWNEGTYVLKKLKS	1
DBAASP_5369	AMP	0.9998	GLVGTLLGHIGKAILG	1
DBAASP_13643	AMP	0.7189	EKAILSALKLLRLAL	1
DBAASP_14648	AMP	0.9469	IDWKKLPDAAKQIL	1
DBAASP_20108	AMP	0.6383	GALEIFKKYRLPKCF	1
DBAASP_8295	AMP	0.9966	GVFDIIKGAGKQLIARAMGKIAEKVGLNKDGN	1
DBAASP_20367	AMP	0.9983	FACPIGFFRLKR	1
DBAASP_3977	AMP	1.0	FLGKVFKGAVKVFPAVFGKV	1
DBAASP_14647	AMP	0.9957	IDWKKLLPAAKQIL	1
DBAASP_18059	AMP	0.9999	PRLPRIPRLPRYPRYPRWPRHPT	1
DBAASP_4058	non-AMP	0.2361	FKVVISKPGLSVRVGTALVT	0
DBAASP_13417	non-AMP	0.019	IDTYSRKDDLDKKLLEVAKIIGRRLEKRHEYLAMK	0
DBAASP_15002	AMP	0.9974	NLVGSLLGGILKK	1
DBAASP_19518	AMP	0.9977	AKVVNKLTGGVAGLLK	1
DBAASP_17614	AMP	1.0	RWWKWWWWWRRWKWKK	1
DBAASP_20408	AMP	0.9972	GLLKRIKTLL	1
DBAASP_12382	AMP	1.0	FLSLLPHIASGIASLVSKF	1
DBAASP_20364	non-AMP	0.2693	VTISIARRVSSHKRG	0
DBAASP_20400	AMP	0.9908	RPRWSHRSRR	1
DBAASP_13245	AMP	0.9985	GWKAIHKAAKGIHTYVN	1
DBAASP_7026	AMP	0.9991	PRPFPGRPKPIFRPR	1
DBAASP_19852	AMP	0.9955	FLPIVAKLLSELL	1
DBAASP_16102	AMP	1.0	FALGAVTCLIRTKCKVLPKLF	1
DBAASP_19853	AMP	0.9857	FLPIVAKLLSGEL	1
DBAASP_18057	AMP	0.9989	PRYPRYPRWPRHPTIYA	1
DBAASP_12511	AMP	0.9997	GQLNKFIKKAQRKFHEKFAK	1
DBAASP_9544	AMP	0.9999	FLSMIPKIAGGIASLVKNL	1
DBAASP_6919	non-AMP	0.3181	LQKYYARVRGGRAAVLS	0
DBAASP_17332	non-AMP	0.1619	GLHKVMREVLGYERNSYK	0
DBAASP_2506	AMP	0.9997	GFMKYIGPLIPHKVKAISDLI	1
DBAASP_18054	AMP	0.9885	PRYPRWPRHPTIYA	1
DBAASP_13249	non-AMP	0.0005	AGEKRIIKKIDEAFQ	0
DBAASP_6920	AMP	0.8902	LQKYYWRVRGGRWAVLS	1
DBAASP_20023	AMP	0.5185	LIKKLKEYLKKLI	1
DBAASP_21161	AMP	0.5937	TGKASQFFGLM	1
DBAASP_20378	AMP	0.7935	SSLSPLSSSSGLGKKKKRKSKRASR	1
DBAASP_3889	AMP	1.0	FLSLIPHIVSGVASIAKHF	1
DBAASP_4043	AMP	0.9999	LPAVFKLASKVVPSVFGLVK	1
DBAASP_4027	AMP	0.7851	KYGPALVIAVKKSCSLTFRA	1
DBAASP_6168	AMP	1.0	FLPLIAGVAANFLPKIFCLISKKC	1
DBAASP_6441	non-AMP	0.0284	ARNFGKEFTPVLQADFQKVVAGVANALAHRYH	0
DBAASP_19860	AMP	1.0	FLPIVAKLLSKLL	1
DBAASP_9724	AMP	0.9989	FPLTWPTKWWKG	1
DBAASP_1238	AMP	0.9115	ENFFKEIERAGQRIRDAIISAAPAVETLAQAQKIIKGGD	1
DBAASP_8170	AMP	1.0	ATCDLLSPFKVGHAACAAHCIARGKRGGWCDKRAVCNCRK	1
DBAASP_8179	AMP	1.0	ATCDLLSGTGVKHSACAAHCLLRGNRGGYCNGRAICVCRN	1
DBAASP_6006	AMP	0.9997	FLPILGKLLSGLL	1
DBAASP_20562	AMP	0.9999	RRRWWWWWWW	1
DBAASP_19003	AMP	0.9994	GVITDTLKGVAKTVAAELLRKAHCKLTNSC	1
DBAASP_15003	AMP	0.9999	DLLNGLLNPVLGIANGLTGGLVKK	1
DBAASP_10892	AMP	0.9994	GSKRWRKFEKKVKKALEDAKEKLQVSSSTIFFLFKLTFSGGIILLRKNEYRRSSNILKRLYR	1
DBAASP_10650	AMP	0.9996	LVKLVAGIKKFLKWK	1
DBAASP_17404	AMP	1.0	FFFKLLPKAIGALKKI	1
DBAASP_4061	AMP	1.0	FLPFVGRIASKVVPSVIGKV	1
DBAASP_17028	AMP	0.9993	ILGTILGLLKFL	1
DBAASP_6701	non-AMP	0.4631	FVDLKKIANIINSIF	0
